"z_GPP_NT","DewDur","Rn","Ta","RH","SWC"
1.14381425299949,2,320.736666666667,18.11675,68.9808333333333,30.3942708333333
0.347134177376974,1,168.10380952381,18.8174285714286,67.7395238095238,NA
0.244369095121789,2,221.60875,18.2044583333333,75.1316666666667,NA
-0.383680961393487,0.5,226.321666666667,21.2627083333333,49.195,22.1134722222222
0.189258670237359,1,242.33625,19.4809166666667,59.9208333333333,22.3943055555556
0.972420816424685,3.5,287.842916666667,22.109125,64.3029166666667,36.3494444444444
0.37127636442045,5,421.68125,23.3975416666667,46.0745833333333,35.6018421052632
1.02164388242267,1.5,412.104583333333,30.0665833333333,57.4095833333333,NA
1.28157082982659,1,403.932083333333,31.9339166666667,41.6872727272727,23.2172727272727
0.832129851292156,0.5,419.729166666667,28.6606666666667,58.4934782608696,26.0614930555556
0.301338526834516,0.5,422.380416666667,31.0216666666667,51.2840909090909,25.7370138888889
-0.73891863014353,0.5,399.307916666667,34.5028333333333,43.2381818181818,22.1255902777778
-0.988983565941516,1.5,398.660416666667,29.1532083333333,61.6545454545455,NA
-0.236346889191669,1,368.247916666667,28.7793333333333,63.3665,NA
0.391770189550909,1,371.34625,29.7425,60.9704347826087,NA
1.09396446473151,1,420.759166666667,29.7805416666667,57.264347826087,NA
1.12235182198358,1,364.623333333333,29.9076666666667,52.9527777777778,30.155652173913
-1.08554992896906,0.5,336.37875,29.7536666666667,42.4854166666667,17.2054166666667
-1.29870808296498,1,317.369583333333,29.4924583333333,54.6259090909091,13.2988888888889
-1.46876930262673,1,367.763333333333,27.4410416666667,59.357,NA
-0.133051097067055,1.5,242.583333333333,24.2529166666667,63.0121052631579,NA
0.20039208640667,1.5,236.424166666667,21.1702916666667,62.4890909090909,NA
-0.283958782803885,1,278.107083333333,25.41825,56.4252380952381,NA
0.496546319949352,0.5,229.172083333333,21.576125,57.8154166666667,NA
1.04187521179972,2,259.945416666667,20.8669166666667,61.0708333333333,36.5041666666667
0.546328838349776,1.5,254.7125,20.985375,67.8310526315789,30.0647619047619
0.372629078474278,0.5,293.345833333333,26.650125,53.4504545454545,27.1230434782609
0.361486154724824,0.5,199.632916666667,24.0292083333333,56.36,19.2752430555556
0.479611152258158,0.5,240.045,26.3087083333333,42.6363157894737,17.7502777777778
-0.214598760351082,0.5,338.805,17.558125,62.1605882352941,14.0495
0.232777405014756,2,373.093333333333,20.376,58.8775,14.9878333333333
-0.412473047890974,4.5,208.67375,18.5479583333333,82.89,16.902
0.381806447650326,0.5,334.727083333333,17.2742916666667,60.2016666666667,15.5766666666667
0.619563053077832,0.5,372.353333333333,22.0455416666667,68.4995833333333,19.6225416666667
0.97789454010932,2,421.1325,26.7452083333333,69.2391666666667,21.4564583333333
0.524905520778715,3.5,467.6575,25.6105,58.7529166666667,20.9519166666667
0.847440694772664,1.5,388.020833333333,23.72525,64.09875,21.622625
1.04245246077531,1,402.860833333333,24.97875,66.7866666666667,21.89
0.82944791270723,1,471.839166666667,30.1515,67.7495454545455,24.3175833333333
0.729623531074292,2.5,466.4025,31.24675,61.1758333333333,25.871625
-2.05080348153475,0.5,357.28625,28.90625,63.6559090909091,26.25525
0.539749525836899,0.5,355.969166666667,28.6314583333333,64.0329166666667,26.6274375
0.961357743358836,2,443.415652173913,30.755,61.434347826087,27.2995833333333
1.11640916096115,0.5,444.092083333333,31.249625,55.2454166666667,27.4590833333333
-1.16331225887917,0.5,187.61375,25.34475,78.2630434782609,25.7855
-0.318909212166996,1.5,383.737916666667,29.8225416666667,64.5704166666667,25.813125
0.371623564192175,1,352.74125,28.8096666666667,58.425,22.4236333333333
0.162128607989798,2.5,323.001666666667,28.5935416666667,62.2166666666667,21.2054743055556
1.33885946474919,0.5,352.768333333333,26.1707083333333,55.5190909090909,16.4623659722222
-0.856079952279726,1,344.111666666667,21.4869583333333,46.0155,18.0349944444444
1.32959635520647,2.5,332.370416666667,16.9455833333333,31.0075,11.8818215277778
0.503394610386319,0.5,435.26,28.2829583333333,50.2895833333333,22.8249159722222
-0.166161725933112,1.5,350.76625,29.7969166666667,42.6866666666667,11.7341618055556
-0.275191067215092,2.5,420.101666666667,31.2791666666667,58.3520833333333,27.0522673611111
1.07532577490909,4,445.712272727273,31.6632727272727,59.3645454545455,27.1751811594203
1.98792727671701,5,444.55,29.4378333333333,62.1020833333333,26.7628125
1.9966395423187,4,439.865833333333,30.8365,53.0966666666667,26.5744027777778
1.46383729256051,2,441.51875,30.8903333333333,54.0179166666667,26.1630763888889
1.37167795249932,1.5,436.962083333333,31.2763333333333,48.8454166666667,27.1072638888889
-1.09350486049839,3,174.854583333333,25.36425,78.8158333333333,25.4656041666667
-0.306653581361095,0.5,307.242083333333,25.8112916666667,59.7366666666667,29.3616805555556
1.16154428386967,3.5,338.65125,17.9422916666667,74.2720833333333,26.2991319444444
0.856965178011535,3,415.575833333333,23.3590416666667,67.1345833333333,26.0483333333333
1.17173805096539,1.5,445.257083333333,20.2032083333333,54.7054166666667,26.9937708333333
1.18268372199433,4,488.202916666667,26.8378333333333,55.0654166666667,27.5642777777778
0.358698024237637,7,422.69652173913,24.3480833333333,57.3729166666667,28.1574583333333
0.157667304304165,2,483.849166666667,25.8552916666667,53.0220833333333,29.6708333333333
1.01597011772776,1,495.404583333333,29.105,59.1875,30.0965138888889
0.587568318251162,4.5,511.696666666667,31.2178333333333,55.7058333333333,31.1767986111111
0.824040297158964,2.5,497.540416666667,29.442625,60.58,29.9768263888889
1.17931136055176,2,497.875833333333,31.2209583333333,56.3745833333333,29.2207777777778
-1.27956654400559,2,501.267083333333,27.7610416666667,36.0191666666667,27.0099375
-0.0520408017816785,1.5,480.9775,27.692625,44.40875,27.0581388888889
0.537944090198202,5,508.672083333333,27.1102916666667,49.5633333333333,30.2908402777778
0.686600234984112,5,465.06,28.49075,66.8595833333333,30.1471458333333
-0.00530152690302506,4.5,502.171666666667,28.9089583333333,68.1533333333333,29.5554305555556
0.0547327235282218,1.5,508.575416666667,32.8477916666667,62.8645833333333,32.3484236111111
-0.655198722358795,1.5,466.878181818182,32.7258181818182,53.625,29.739446969697
-0.787279955907734,0.5,477.097727272727,31.3664090909091,54.7922727272727,31.3540984848485
-1.07352787189654,0.5,367.18375,30.512125,63.9745833333333,28.0090069444444
-1.07817503828198,1,458.601666666667,31.1668333333333,62.2929166666667,28.3403055555556
-1.11233955922431,1.5,461.512916666667,31.1809583333333,58.4883333333333,26.9821145833333
0.148467940919512,1.5,363.61625,29.4310416666667,66.9920833333333,26.7503402777778
-0.553745848271382,3.5,389.207391304348,27.353347826087,69.7252173913044,26.1420036231884
-1.16761601262512,0.5,426.941666666667,33.772125,52.1395833333333,25.0474652777778
1.14082738292185,3,362.002916666667,26.9739166666667,71.6879166666667,29.4047569444444
1.61545710951602,4.5,397.8,28.4229583333333,66.02625,30.706875
1.61573867844346,6,387.004166666667,27.967,67.10625,30.4412430555556
-0.133186279817788,0.5,291.010416666667,24.662125,71.1254166666667,29.2346180555556
0.157906859808653,8.5,302.8325,25.362625,72.0358333333333,28.951125
0.347655910481764,3,347.9125,24.2995,66.3254166666667,27.2634583333333
0.572774279313119,1.5,353.7975,25.9134166666667,64.90875,26.8379583333333
1.29440101979493,8,302.653333333333,26.0830416666667,59.4145833333333,27.1142569444444
0.349073285455146,3.5,193.499444444444,25.4384444444444,68.5975,27.6267743055556
0.916525713903148,5,268.350434782609,25.4076086956522,64.0373684210526,26.218902173913
0.740976758198406,2.5,377.398333333333,24.2568333333333,74.9920833333333,21.2507916666667
0.795342079664514,1.5,481.407916666667,27.9215,68.155,22.6486319444444
-0.453032751802257,0.5,196.09375,22.1059166666667,84.9104166666667,22.9836319444444
-1.33861448954064,0.5,171.4875,18.461375,84.0825,22.8815902777778
-0.532883900058129,5.5,341.925,21.1518333333333,77.9354166666667,22.8781180555556
1.23806407066678,4.5,397.695,24.7384166666667,65.3029166666667,21.4708263888889
0.770342066845967,5.5,451.501363636364,24.4988181818182,64.43,21.6883263888889
0.499714417521619,2,358.204583333333,28.3080416666667,77.3258333333333,23.0003958333333
0.992999217480322,4.5,477.370416666667,30.9519166666667,61.56875,23.9883472222222
0.448638612368834,4.5,513.394166666667,30.6705,55.3804166666667,23.7646319444444
0.284476843000485,4.5,521.777916666667,31.2015,54.3745833333333,23.7643194444444
-0.143397999374536,2,506.527,31.51,53.1495,24.0001
-1.12727688491626,4.5,365.778333333333,26.0482916666667,79.5183333333333,20.12425
-0.0507981654672904,3,499.094347826087,28.1477391304348,69.2304347826087,19.4695763888889
-2.01567665119386,1.5,368.86375,24.50775,77.4633333333333,18.7273958333333
-0.821454861334969,0.5,439.64,27.1268333333333,65.1641666666667,18.5125763888889
-0.498010879488191,5.5,449.260952380952,28.6960909090909,66.4154545454546,19.2405972222222
-0.407045503347665,3,428.72375,29.9394583333333,59.97125,18.9342361111111
-0.0990892028776477,3,498.606666666667,30.4245833333333,60.0379166666667,18.1449027777778
-0.373970817290632,4,498.237916666667,29.410375,58.3770833333333,18.8740069444444
-1.63226833176256,1.5,323.702083333333,25.7095416666667,82.4983333333333,20.9980972222222
-0.387314356498691,4,453.4025,26.9275416666667,69.0316666666667,20.8615069444444
0.350194053867307,1,439.4025,29.043375,60.50875,18.9445972222222
-0.0811301930567049,0.5,490.912916666667,32.1257916666667,54.1566666666667,19.2343125
1.13325399351109,3.5,472.072916666667,31.8724166666667,58.1070833333333,18.8014861111111
3.18278005657582,1,464.5975,32.678875,55.3529166666667,17.8176527777778
1.40476307779469,0.5,414.712916666667,28.4018333333333,62.3754166666667,20.3426180555556
0.522877272621687,2.5,415.81375,28.3719583333333,66.8454166666667,18.1584583333333
-1.72219440297442,1,80.8183333333333,22.6643333333333,92.5641666666667,17.1004444444444
-0.877632094460024,1,466.9875,30.9164583333333,58.2183333333333,24.6706319444444
-1.00815734291698,4,405.107083333333,31.1914166666667,60.6116666666667,22.7694791666667
-0.893732546914736,2,441.239583333333,29.4650833333333,65.11,22.4991041666667
-0.556216403768803,1,374.20875,27.5176666666667,74.5158333333333,21.3947291666667
1.41534069324894,1.5,431.127083333333,31.411625,60.6491666666667,20.381625
0.652997219045558,5.5,395.470416666667,28.9070416666667,65.0129166666667,17.8822847222222
-0.611786755133896,4.5,378.543333333333,26.471125,62.9775,16.7862847222222
-0.719803800775263,1,386.472083333333,27.5117083333333,61.2775,16.0732013888889
-0.472495683647885,3,353.567916666667,31.396875,50.2316666666667,16.1751597222222
3.64288456723116,4.5,214.344166666667,24.1295416666667,70.4579166666667,14.9663958333333
1.01803417226816,7,322.414583333333,23.64525,60.1166666666667,14.6776180555556
0.532206868207591,9.5,248.985,19.0000416666667,66.5858333333333,19.6389722222222
-0.1239861151107,3,286.552916666667,24.800625,67.6129166666667,17.5969487179487
-1.13207342461219,3,271.74875,22.8648333333333,53.2908333333333,11.7082096491228
0.0159892776690936,1,NA,18.667875,72.11,17.9940527777778
-0.880162867531785,5.5,NA,31.524625,48.9370833333333,12.50244375
1.0874792589852,0.5,263.238333333333,16.89175,45.5075,8.303375
0.467147921138909,6.5,276.720416666667,15.8590833333333,62.0945833333333,8.5721875
-0.128144236162944,0.5,107.917083333333,18.7477083333333,63.995,8.19992361111111
-1.34476148309611,4.5,51.23625,18.6613333333333,88.5347368421053,13.6414756944444
0.195914004489641,2,207.105,15.757,59.9608333333333,14.2595520833333
0.0791049313201203,7,197.238333333333,11.6529583333333,63.5445833333333,11.5439444444444
0.302362221155153,5,103.874583333333,8.028125,56.4895833333333,7.45962152777778
-0.0154920448798505,4,116.8925,7.261875,60.4845833333333,7.32648263888889
-0.730897922828358,9,76.68875,-6.60541666666667,84.8420833333333,-0.546916666666667
-0.840699417663623,0.5,57.69125,-8.54895833333333,87.4041666666667,-0.9575
-0.728868438803955,6,144.010833333333,-0.373958333333333,50.1375,-0.343958333333333
0.517896893043435,5.5,213.686666666667,7.99683333333333,57.4808333333333,9.4615625
1.00857848154516,1,308.926666666667,12.59325,35.1308333333333,11.6742881944444
1.48812007225733,6,365.959583333333,10.3346666666667,45.5791666666667,12.6883298611111
-0.732198085331093,3,273.966666666667,13.76875,54.5029166666667,13.0594201388889
0.359299269393939,0.5,352.724166666667,20.1657916666667,38.4141666666667,14.7555486111111
0.979048444799825,4.5,411.065416666667,17.71725,33.735,15.9947986111111
0.165774417941274,4,406.32625,23.311875,50.3554166666667,17.1254305555556
0.308548623953778,0.5,337.837916666667,24.1070833333333,59.4504166666667,16.2458958333333
0.901530873803152,4,423.189166666667,21.505375,63.5809090909091,14.4809201388889
1.12474156416633,1.5,441.4975,28.6257083333333,46.7020833333333,13.2979583333333
-0.392925867315632,0.5,417.490416666667,17.3367916666667,50.3170833333333,15.6667048611111
-1.46350366888217,4.5,366.690416666667,20.0329583333333,47.00875,12.8245625
-0.228038281960264,2.5,268.95125,22.5510833333333,47.755,12.3114891304348
1.28489586748897,1,355.210416666667,28.1899166666667,62.2929166666667,14.4799131944444
0.925478054209795,3,377.567083333333,19.9959166666667,68.8275,16.6928888888889
0.84194498743707,4,349.59875,23.5836666666667,50.4995833333333,15.7751006944444
0.186084247698058,6.5,380.260833333333,23.895375,60.1783333333333,18.5833993055556
0.628209646447465,1.5,370.52625,26.2154166666667,67.5375,17.03940625
0.383698664238665,5.5,416.045416666667,28.207,47.8566666666667,14.3588402777778
-0.420641481280482,6,413.415416666667,21.8990416666667,57.13625,11.6115625
-1.05636949204307,5.5,260.944166666667,19.47425,79.81625,14.7277604166667
-0.419896818206959,2,422.555833333333,21.0804583333333,51.9291666666667,16.8492222222222
-0.658692515055657,0.5,410.205833333333,22.8600833333333,49.5458333333333,15.5469705882353
-0.913136716212142,3.5,260.2725,21.52,54.5645833333333,14.3666041666667
-1.13504226406186,0.5,362.94125,24.356125,47.1733333333333,12.5599618055556
1.65823004387356,3,347.305,18.3269166666667,71.3875,10.7705590277778
1.01924980601919,0.5,344.635833333333,26.758375,42.105,11.6227916666667
1.13297806001048,2,291.029583333333,27.0987083333333,46.2095833333333,12.7697916666667
1.0109635032474,4,300.29,27.537625,45.3895833333333,13.2297048611111
-0.810540350192496,2.5,327.131666666667,21.8765833333333,47.4545833333333,13.5975902777778
-0.805121198385814,5,183.665,21.508125,66.32375,13.7930555555556
-0.29800342078688,5,156.443333333333,22.4012083333333,57.38125,15.4443263888889
1.33712256511252,1.5,308.653333333333,20.6555,46.50875,14.7137222222222
0.311256219728401,4.5,254.014166666667,21.6859583333333,46.5083333333333,10.7932048611111
0.255277639784593,1,197.486666666667,14.58725,74.3133333333333,10.3669057971014
-0.192805557556055,2.5,192.274166666667,16.6816666666667,55.2020833333333,10.6976041666667
-0.203024623079948,0.5,237.73,22.7850416666667,65.0833333333333,10.7578159722222
-0.526990571239733,8,188.492916666667,13.1760416666667,62.6358333333333,9.09248611111111
-0.465246603003535,5,197.250833333333,12.3762083333333,71.9783333333333,8.44761805555556
0.244081818406671,3.5,119.024583333333,3.19079166666667,59.8191666666667,17.8468611111111
0.274520416724517,6,82.7016666666667,9.504375,73.5070833333333,18.4165798611111
-0.698737037543367,0.5,144.029583333333,-1.90208333333333,89.1254166666667,19.7021027777778
-0.190775211898137,5,310.71375,13.5287916666667,46.6120833333333,18.0232159722222
0.571184818923234,2.5,306.29625,16.3246666666667,39.9775,20.65375625
0.684177800646369,1,364.38375,7.9115,58.1125,21.53395625
-1.26788840363937,0.5,167.182083333333,11.255,40.6008333333333,20.3427638888889
-1.00247652560777,7,261.495833333333,13.1935416666667,61.405,17.6320104166667
-0.249959429004684,0.5,321.785,10.0970416666667,57.105,19.8466527777778
-0.466231790555376,2,396.7875,12.259125,39.635,17.7007986111111
1.17179677075203,9,378.382083333333,16.029125,44.9304166666667,17.7875590277778
-0.993519143945519,2,334.752083333333,16.1069583333333,45.18625,16.9783333333333
0.657496172102472,1,277.259166666667,14.0340416666667,72.4979166666667,21.7840763888889
1.80022100409463,1,418.970833333333,19.6459166666667,58.7258333333333,22.7652534722222
-1.18414900197407,1.5,243.299583333333,19.90825,67.4175,23.8390104166667
-0.601853243647668,1.5,426.965,20.1869583333333,56.6045833333333,22.7358472222222
1.5341325512618,4,414.967916666667,24.1317916666667,65.9345833333333,24.4206527777778
1.08368566145252,2,362.608636363636,26.195,58.2327272727273,21.9941268115942
-0.204356688954647,1,304.83,23.092625,62.3258333333333,20.8004826388889
-0.0530056741030799,0.5,379.63875,21.2413333333333,57.4925,25.4921770833333
-1.03210180561355,5.5,192.616666666667,17.920375,76.0833333333333,23.6859201388889
0.516002469422139,9.5,367.717916666667,21.3310833333333,57.1095833333333,23.14240625
0.451844145979063,2,332.431818181818,22.8334285714286,58.3747619047619,22.6544444444444
-0.274872842913175,1.5,408.94,22.9805416666667,52.7545833333333,21.03705
-0.645969807802485,0.5,381.06125,24.3959583333333,51.79625,20.7516833333333
0.891380026048416,3.5,225.014583333333,21.715875,87.9316666666667,20.5894354166667
1.51996797834535,6,341.209166666667,22.9405,73.6304166666667,20.2824569444444
0.766214410796455,3.5,232.195,19.8360416666667,82.03625,20.9391534722222
-1.45465155868914,6,132.615416666667,17.476375,86.3882352941176,20.1170611111111
0.0120530872203432,0.5,356.29125,22.7090833333333,56.38125,25.4132097222222
0.599874936157392,1.5,352.27375,19.0506666666667,60.37875,21.4331791666667
-0.668700609378312,0.5,292.31375,17.6799583333333,52.2795833333333,22.1005208333333
-0.333915100548736,1.5,244.95875,17.4732083333333,70.175,22.3015854166667
0.905131642165417,7.5,310.084583333333,17.765375,69.6275,25.4436916666667
0.764139415669017,4.5,289.6925,17.9587083333333,62.07625,24.3533034722222
0.90269518024525,1,197.711666666667,24.5098333333333,71.3391666666667,22.5423819444444
0.732184288919538,5.5,258.397083333333,20.1513333333333,74.60875,21.6512430555556
-1.0180874338412,7,157.169166666667,9.13920833333333,67.6525,23.3469006944444
-0.789248871705005,2.5,37.6872727272727,2.94708333333333,71.3079166666667,20.58690625
-0.589833873825981,4.5,199.010833333333,6.09654166666667,56.895,20.8525034722222
-0.520494893545814,0.5,284.656666666667,5.87279166666667,39.6033333333333,19.7159722222222
1.44386415143876,10,257.3725,13.5914166666667,55.1475,22.1457916666667
1.91263992456885,0.5,351.422083333333,11.1519166666667,63.24125,20.5997430555556
-1.10216654222545,2.5,356.467916666667,5.50891666666667,69.3770833333333,22.3131527777778
-0.602446256461197,4.5,291.354166666667,12.5069166666667,54.87125,25.8182951388889
-0.209644885478766,9,393.7425,16.5007083333333,46.7433333333333,19.6063541666667
1.65639529076015,3.5,375.54875,19.7283333333333,71.2129166666667,21.6842881944444
1.50140690266489,3,403.839583333333,20.347375,68.3558333333333,19.3021527777778
1.4717622098825,4,353.67,17.992,60.3470833333333,19.4837638888889
-0.0422260464312777,3.5,269.76,18.0265384615385,60.7969230769231,15.4122916666667
-0.449030711593692,1.5,408.740909090909,24.3411363636364,41.0513636363636,15.4380416666667
-0.262515695769493,2.5,399.52375,24.199625,48.18625,15.8314861111111
-1.35467606623323,1.5,411.500416666667,28.2637916666667,46.57875,15.8046736111111
0.133756715193231,0.5,328.634166666667,26.428,52.1479166666667,15.4635520833333
-1.07634048735911,1,288.73125,23.9032916666667,65.7720833333333,15.2943680555556
-0.695697005623683,2,409.013333333333,25.4513333333333,48.7504166666667,15.5179513888889
-1.24490443906183,3,436.218333333333,20.3987083333333,59.3441666666667,21.9763645833333
-0.386330339090744,4,395.000416666667,21.899625,58.5308333333333,20.84871875
-0.233843300693079,8.5,413.671666666667,24.6637916666667,54.85125,18.4339375
-1.40550057261071,7,163.217272727273,20.1262,72.198,24.1456076388889
1.37259322733364,3,398.515238095238,22.6788095238095,53.1490476190476,22.1862222222222
0.938212902167706,4.5,415.374583333333,25.3949166666667,55.7229166666667,19.8655381944444
0.197805455847018,4.5,302.559166666667,19.05675,64.4633333333333,18.1904305555556
1.25025421729916,4,385.812083333333,20.2882916666667,50.72875,17.6808784722222
1.25228698375146,7,382.208333333333,21.2367083333333,74.88,20.2169097222222
1.1262299397094,0.5,322.12125,22.1697916666667,70.1425,18.0123993055556
0.83819070983927,1,379.004166666667,21.557625,34.9275,16.5539027777778
1.0814484346049,0.5,349.13875,23.4287083333333,69.1508333333333,17.2225590277778
0.130465100093954,3,311.285833333333,21.213,57.0183333333333,16.2394791666667
-0.0998136842401997,1,369.235833333333,22.5223333333333,50.1820833333333,15.5406076388889
-0.652481335107253,9.5,351.61375,24.0207916666667,49.7383333333333,15.6507708333333
0.262606026485932,0.5,322.33,24.601125,72.43375,16.86559375
-0.231805722394588,7.5,188.165,24.0550833333333,79.5966666666667,16.9031284722222
-0.7800594542472,4.5,339.874583333333,26.4604166666667,52.2616666666667,16.0931805555556
-0.151236445156109,2.5,197.982272727273,22.5412727272727,84.0590909090909,18.68409375
-0.854595703273251,7.5,246.597916666667,23.1582916666667,69.9941666666667,18.3345069444444
-1.05984207825923,2,115.705833333333,19.423125,73.7595833333333,17.4101180555556
-1.13874870797105,4.5,336.867083333333,20.643,48.1641666666667,18.0722395833333
1.53749426448974,0.5,282.16375,21.5964166666667,42.7041666666667,14.3669444444444
0.199706028208133,4.5,285.0475,10.1190416666667,46.60125,12.9322256944444
-0.163582870578526,1.5,188.05375,13.580125,60.2120833333333,13.1028576388889
-0.405092975609136,3,120.249583333333,15.81075,78.31,13.1208442028986
-0.211310988399103,2.5,245.433333333333,15.364625,51.5916666666667,12.0711319444444
-0.263579625187969,1,186.3375,16.3269583333333,64.6095833333333,12.4946736111111
-0.863331544089183,0.5,209.26125,16.7215416666667,73.4257142857143,13.0768819444444
1.58790671427639,0.5,106.4,7.29025,59.4729166666667,11.6934201388889
0.710885557414084,2.5,168.466666666667,10.90225,59.8,11.1325798611111
-0.908345362535196,1,52.2095833333333,-5.63383333333333,67.6504166666667,7.22954166666667
-0.90786976736969,2,76.9358333333333,-7.60379166666667,66.22,4.31647916666667
-1.28860918426509,3,264.078333333333,16.315625,22.7454166666667,16.7743333333333
0.20504565822821,2.5,338.066666666667,8.23945833333333,47.9454166666667,19.3114131944444
-0.0522466306460972,4.5,177.799166666667,-2.19566666666667,63.55125,15.0837534722222
0.66216731018632,3,311.665,5.81208333333333,44.325,17.2444965277778
1.10969309888716,1,205.157083333333,-0.947625,73.2095833333333,17.1405
1.86133580061716,3,334.069583333333,12.7512083333333,43.73375,17.7587395833333
-1.05806509348832,8,353.874166666667,7.073125,42.7491666666667,15.1647777777778
-1.10103146205525,5.5,339.089166666667,12.8664583333333,35.1683333333333,16.6425868055556
-1.01252910044038,0.5,403.67,7.33470833333333,41.6133333333333,16.8773402777778
1.1814059282453,6,374.122083333333,16.63925,50.4483333333333,15.0946076388889
1.17515298237482,6,376.500833333333,19.8017916666667,38.5416666666667,14.7387256944444
1.55391544428906,0.5,466.764166666667,20.43075,47.8783333333333,21.5238090277778
0.361691382044071,1,451.199166666667,11.86875,38.65,16.1414652777778
0.701912150507557,3.5,369.301666666667,18.4267083333333,38.9008333333333,14.8811597222222
0.84654188264328,4,431.734166666667,17.8792083333333,37.21,14.6243368055556
-0.995261813018948,0.5,399.575,25.94175,26.3466666666667,14.1860381944444
-0.738738187627424,0.5,445.417083333333,25.47275,63.2829166666667,14.9813923611111
-0.537266360735697,1,455.092916666667,24.8957916666667,31.415,17.3212569444444
0.257204539343518,0.5,414.88875,26.1260416666667,27.815,15.0470569444444
0.169639703053315,4,427.0975,21.8752916666667,43.3716666666667,14.3182680555556
0.886196763467898,2,452.294166666667,21.4845,37.4433333333333,20.6684048611111
1.35691712580517,4.5,397.900416666667,20.4547916666667,69.6054166666667,23.1402833333333
1.00391881519454,3.5,283.992083333333,18.9341666666667,71.8166666666667,19.9934875
1.40621866166467,8,476.965416666667,23.4090833333333,42.98,18.6554854166667
1.85708371775338,1,443.125,28.7264090909091,39.1977272727273,16.0756451388889
0.201429587538873,1.5,362.36625,17.0304166666667,63.0358333333333,15.2712784722222
-0.157988004008929,6.5,417.4325,24.4882916666667,51.1783333333333,14.8879159722222
0.610342637443352,1,410.28375,26.5530833333333,43.3929166666667,14.30331875
-0.654051766053632,2,386.93347826087,23.4676086956522,47.6065217391304,14.2990076388889
-0.885979940930606,2,383.467083333333,28.46575,60.7979166666667,14.7036597222222
-1.02977994553471,6,371.72875,26.92325,32.9383333333333,14.0332131944444
-1.10828800944546,0.5,360.193333333333,28.0340833333333,34.2529166666667,14.1757847222222
-1.26060356590494,0.5,289.0225,25.2280416666667,58.6716666666667,13.9003173611111
-0.701024425953928,3.5,252.2025,26.512375,69.3129166666667,14.0176256944444
-1.43907632656892,2.5,348.299166666667,22.6997916666667,45.9970833333333,13.6897375
-1.11113429194062,1.5,324.992083333333,23.6437916666667,47.1254166666667,13.3217590277778
0.304641266890996,6,366.415,22.4734166666667,40.51625,13.4624909722222
0.0741139160278245,0.5,239.938333333333,21.1509166666667,69.8325,13.2201854166667
0.161051875126311,8.5,277.2675,21.5837916666667,61.95125,13.4178506944444
0.456957523770578,6.5,351.0675,26.7310416666667,56.2833333333333,13.4121236111111
0.56929950915682,0.5,360.71375,21.056875,36.46875,13.3090951388889
-0.420256325535398,6.5,276.09125,17.2498333333333,60.98,19.6220777777778
0.267871580965158,2.5,205.808333333333,21.667875,59.1894444444444,24.1642027777778
1.63286875371678,3.5,227.918333333333,22.46225,51.74375,21.15491875
3.138709461024,2,197.027857142857,21.1984,61.692,19.7325233333333
0.0818468457821674,0.5,267.195416666667,18.977875,60.47625,25.0136618055556
0.733859623380449,7.5,321.155833333333,20.2380833333333,49.5554166666667,21.2227256944444
1.24923942304116,5.5,283.494583333333,20.6179166666667,50.0433333333333,10.7361041666667
0.506480465859476,2.5,235.782083333333,17.10825,51.7508333333333,9.72371944444444
0.743046888363108,1,269.821666666667,17.5272916666667,47.5416666666667,16.6097354166667
-0.917855322725835,1,229.735833333333,21.2430416666667,48.2425,8.34692569444444
1.11273309698997,5.5,219.51625,18.1455416666667,54.355,13.0430576388889
1.02623626803618,3.5,215.27875,18.9983333333333,48.2041666666667,11.6293076388889
1.21735822909853,3,146.020833333333,16.365625,84.4154166666667,8.77077986111111
0.0635910706437251,2.5,173.772916666667,15.21175,52.8854166666667,14.9391763888889
-1.0933742216269,4,25.58375,5.891125,87.11125,13.2734680555556
-0.191988108276248,7,137.885,3.47241666666667,74.64625,11.3017326388889
-0.852963473182654,2.5,108.5725,-1.134125,71.6829166666667,6.27130555555556
-0.933692993855405,5.5,191.642307692308,9.91676923076923,66.6038461538461,16.9310326086957
-0.787868513010186,6.5,389.582083333333,12.2943333333333,64.535,14.9659375
-1.0065185380102,5,259.8625,13.4999583333333,75.60875,16.2582541666667
-0.749746792703306,2.5,205.837916666667,15.4975,80.38375,15.9946284722222
-0.382740553672077,3.5,345.546666666667,15.9500833333333,47.5975,16.9914958333333
-0.695351255480884,2,130.2675,11.29425,92.9752380952381,19.7319104166667
0.546080466319462,3,281.28,16.8567083333333,42.515,17.0215145833333
0.466340811588655,7.5,348.646666666667,16.6618333333333,53.0925,17.2351881944444
-0.319520428993402,3.5,102.775833333333,10.270875,90.0429166666667,16.9862319444444
2.06174667995376,1.5,326.81875,22.6686666666667,34.8395833333333,14.7121506944444
1.96476326537535,2.5,353.070833333333,20.5591666666667,54.5070833333333,14.0252819444444
-0.609497815397979,3.5,57.39125,14.5794166666667,97.5984615384615,17.7430326388889
0.0508285562768975,4.5,437.10125,17.0008333333333,40.4729166666667,16.0624104166667
-0.46833689467436,0.5,324.224583333333,18.854125,43.85625,13.7048722222222
1.09116176517453,0.5,387.61375,21.5647083333333,43.23,11.8374541666667
0.640569767322067,1.5,264.083333333333,21.916625,57.0529166666667,11.7569340277778
-0.146818074714802,5.5,345.114583333333,23.2858333333333,60.0391666666667,15.0542777777778
-0.0896330305403091,0.5,398.582083333333,18.4491666666667,48.3345833333333,19.9125520833333
1.42688718902647,9,443.75875,22.3107916666667,57.34375,17.9333208333333
0.616681169834014,5.5,437.924166666667,23.0596666666667,53.8475,17.2050402777778
-0.117062725011879,2.5,349.205,18.6587916666667,64.2691666666667,12.4806152777778
1.24297547778995,1.5,420.795833333333,22.22475,47.31125,12.1825930555556
-0.0728303317728428,2,419.383333333333,20.3810416666667,52.6445833333333,11.7646701388889
1.67952896097314,10,403.847916666667,25.4227083333333,62.52625,13.2908125
-1.51264011596587,9,175.0025,20.3404166666667,82.2516666666667,13.9880381944444
1.18126548357229,8.5,435.44875,22.6999583333333,61.0545833333333,12.6132881944444
0.865423935768635,3.5,395.626666666667,21.3125833333333,61.4508333333333,14.4933541666667
0.979159990832706,1,419.236666666667,22.8245416666667,55.5020833333333,13.1730909722222
1.27278602701502,7.5,424.618333333333,23.4616666666667,58.0079166666667,12.7404722222222
0.551218025051959,2,377.94625,25.4648333333333,73.9445833333333,16.3553388888889
0.844097705322623,5.5,424.8575,29.838625,61.5329166666667,14.9407854166667
-0.725738089397286,0.5,279.801666666667,20.1545,67.4491666666667,13.3117597222222
-0.00653787637940069,1.5,420.73875,25.8134166666667,61.0929166666667,14.6686909722222
-0.135923524404228,3,381.912173913043,24.1461739130435,49.8513043478261,13.625297826087
-0.053950578247138,3.5,407.117083333333,27.0749166666667,47.5220833333333,12.7632743055556
-0.173631393549652,6.5,356.158333333333,18.508625,66.7729166666667,11.4782076388889
0.810209800640484,1,332.538333333333,21.26675,69.875,11.0809756944444
-0.611938664343615,3,378.333333333333,19.7620416666667,54.365,10.9153576388889
-0.92317195482327,5,325.944583333333,18.1644583333333,63.1766666666667,10.8701319444444
-0.258286647273549,9.5,389.158333333333,22.3224166666667,50.8929166666667,10.5080722222222
1.67060747300583,10.5,302.7575,22.5647916666667,70.1041666666667,10.6398277777778
1.22642957399703,2,231.404285714286,25.421380952381,68.9452380952381,10.7525784722222
1.66902259006847,1,342.694583333333,18.5359583333333,66.3345833333333,10.6243125
1.03049827186074,7.5,375.048333333333,22.75975,58.7170833333333,9.25142222222222
-0.583860559396646,5,356.263333333333,21.5532083333333,52.4475,9.30373888888889
1.11350091956363,4,297.44125,22.744125,80.8779166666667,9.18849027777778
0.914904376579401,8,266.90125,23.18,75.6375,10.3648861111111
0.687966927740135,5,295.544583333333,24.077625,70.27625,10.0244270833333
-0.468929935171754,1.5,320.82375,25.6476666666667,60.44,9.65868611111111
-0.742134783785878,9.5,286.057083333333,21.9785,67.4925,11.09139375
0.0487753672421255,5.5,319.16375,24.0430416666667,62.2925,10.6471618055556
-0.388543732032944,3,322.126666666667,24.0864583333333,61.79375,10.3162125
-0.684666774304867,9.5,322.920416666667,18.4760833333333,58.2920833333333,9.75254097222222
-0.436935878134311,0.5,163.77375,17.9082916666667,67.9258333333333,8.92365486111111
-1.38451337397721,1.5,308.397083333333,24.682375,40.18875,9.51580347222222
-1.47105946943748,0.5,304.36,25.9607083333333,41.5716666666667,8.81835486111111
1.33237274966488,7.5,306.462173913044,19.72425,50.8433333333333,8.17387986111111
0.767638645440443,0.5,253.125416666667,23.450875,51.4483333333333,8.63388055555555
0.955181924992636,4.5,266.882083333333,23.9703333333333,60.0558333333333,7.94769930555556
0.784300718002185,0.5,255.776666666667,16.8284583333333,42.26,7.50068055555556
0.582258654660597,2.5,258.624166666667,19.906625,35.9104166666667,7.24662222222222
0.225321751672508,0.5,223.18,15.414875,56.3970833333333,7.50546527777778
-1.21821479673047,11,221.365416666667,20.068,64.7695833333333,11.1219861111111
-0.0788459387117786,0.5,225.331666666667,17.9443333333333,56.3195833333333,13.2967902777778
-0.483024163401442,9,202.005833333333,11.734375,65.2545833333333,11.3574805555556
-1.31672409545739,3,212.660833333333,11.502375,50.6895833333333,11.5188770833333
-0.913987865886028,1,177.919166666667,15.2959166666667,60.08125,10.0425069444444
2.01737850538289,2.5,152.957916666667,16.9686666666667,64.8025,9.54482916666667
2.34944278602627,8.5,188.765416666667,17.9208333333333,70.2995833333333,10.3699951388889
2.00430908046189,9,163.169166666667,18.8498333333333,61.2791666666667,9.9069875
0.0290146134464556,9.5,179.894583333333,5.22925,55.3266666666667,7.55335138888889
0.35587878957125,4,159.804166666667,15.059375,55.0375,7.71488888888889
-0.784748894056181,1,99.34375,14.5287083333333,46.5458333333333,6.04365
-0.419280660906517,3.5,116.174166666667,12.78625,67.4828571428571,6.11508055555556
-0.858874253701159,7,117.19625,5.74752380952381,72.1995238095238,8.84857361111111
-0.705236169615644,5,86.44875,10.2114583333333,48.5929166666667,8.32040625
-1.40619650654189,1.5,349.185416666667,27.4748333333333,41.3741666666667,2.29
-1.4402526521081,3.5,227.119583333333,22.635375,62.82625,5.83944444444444
-1.81902966581107,0.5,380.171666666667,25.269,48.0054166666667,7.50868055555556
0.115399835894141,10.5,343.674166666667,23.9761666666667,51.5579166666667,8.35458333333333
0.736856625321104,0.5,330.717916666667,23.094875,44.59,7.46395833333333
0.899221859853041,0.5,323.338333333333,26.2469583333333,53.3983333333333,4.246875
-0.531058016678222,3,236.62625,15.3184166666667,49.1545833333333,3.14215277777778
-0.0955687470463985,0.5,288.880833333333,18.8720833333333,46.4575,7.63159722222222
0.760061094231243,7.5,267.511666666667,18.9368333333333,43.0529166666667,7.89458333333333
0.318213275736583,2.5,283.961363636364,17.2906363636364,71.7563636363636,8.15818181818182
0.556079089557477,0.5,292.8375,17.6632083333333,61.0145833333333,10.1634782608696
0.529435286839404,7,262.243333333333,17.612875,48.15,9.50743055555555
-0.183568724087172,7.5,381.262083333333,18.2736666666667,39.15125,9.20289855072464
0.449841360165427,4,364.917083333333,18.2825416666667,42.5329166666667,8.54638888888889
-0.689748345072753,2.5,472.398888888889,20.9110555555556,65.3111111111111,26.4271568627451
0.18010392230976,4,434.624090909091,27.9851363636364,30.9231818181818,24.7309722222222
1.5118980947777,2,289.180833333333,24.8405416666667,53.1945833333333,13.9958333333333
0.108398815294297,7,283.83875,24.9921666666667,38.7970833333333,10.1764583333333
0.841512982478141,7,301.44875,24.292875,53.2525,24.119375
1.46027468315458,0.5,266.378333333333,23.45175,37.8025,20.958125
0.648025311339338,7,278.545416666667,23.58675,39.5120833333333,22.3434782608696
-1.33837908042725,1.5,NA,19.3251666666667,61.59375,17.2584090909091
-0.311731946141237,6.5,NA,21.4775,59.7270833333333,15.9513043478261
-1.25463359928907,2.5,408.860833333333,27.9799166666667,48.1075,14.1046631944444
-1.07772444089966,3,405.874166666667,28.7249166666667,41.86625,13.86239375
0.863652963203193,1.5,315.139166666667,24.8846666666667,62.4125,14.02469375
1.2747876122783,2.5,355.93375,27.495625,49.1841666666667,10.3240326388889
2.11995843149167,1.5,341.59625,27.7761666666667,46.1658333333333,10.2453506944444
-0.0474455796928502,1,289.984583333333,21.2135416666667,53.2554166666667,12.0621020833333
1.86081219176987,0.5,252.267916666667,22.206125,49.5120833333333,12.2073715277778
-0.76670406244596,1,315.413333333333,29.0772083333333,40.5495833333333,11.4254652777778
0.212483986093067,2.5,191.125,23.5357916666667,68.9745833333333,15.8936701388889
1.46713342666226,4.5,357.347083333333,26.0235833333333,51.76625,15.5633055555556
1.9810248972993,2,355.542916666667,29.008875,48.2741666666667,14.86121875
-0.234964087710393,0.5,203.9825,17.4935416666667,68.4916666666667,10.1574236111111
1.11286189015778,2,285.471666666667,17.7969583333333,61.3129166666667,13.1223263888889
0.538679504585494,2.5,283.539166666667,20.1931666666667,54.7041666666667,12.8838229166667
1.20881164858018,0.5,265.412916666667,21.9738333333333,40.2733333333333,13.1397951388889
-1.49791273509512,1,347.931666666667,25.826875,63.1629166666667,14.6358
0.0402216681948815,3,285.494583333333,23.0724166666667,70.1908333333333,16.9656965277778
-0.914175988994118,4,110.399583333333,19.231875,77.005,16.3025555555556
1.26766333725501,1.5,131.937916666667,21.534,79.3483333333333,15.7237201388889
-0.215242810526819,2,215.511666666667,17.053625,53.1058333333333,19.4627375
-0.816122496050442,2.5,34.0154166666667,13.599875,64.8933333333333,17.7677916666667
-1.30764284623712,0.5,332.7625,18.0240833333333,61.6491666666667,20.8928402777778
-1.03799607511653,4,374.495,19.3350416666667,63.60375,23.6085347222222
-0.0594262240165368,5.5,256.477083333333,16.7766666666667,60.44,15.7695118055556
0.514201860652175,4.5,NA,24.6144166666667,65.5541666666667,26.5093638888889
0.709509264095047,0.5,421.918695652174,30.1233913043478,65.604347826087,19.724925
0.519779416853253,2.5,301.287916666667,27.6311666666667,79.5833333333333,25.9045791666667
1.2660922698312,3.5,435.228333333333,28.564625,66.5475,28.2024361111111
-0.848937005092868,1.5,224.981666666667,25.1777083333333,77.4279166666667,22.1347409722222
0.837350307284095,8,428.836666666667,23.9324166666667,56.6483333333333,29.9534694444444
1.87602127532875,2,395.232916666667,29.4515416666667,67.62,26.0066430555556
1.1046477626728,1.5,341.468333333333,24.4376666666667,74.6816666666667,30.6958798611111
0.952405384997327,7.5,400.750833333333,28.3267916666667,69.3033333333333,29.41523125
-0.691396813160615,4,331.705,23.2470833333333,60.25375,19.9053479166667
-0.521520159036674,1,251.398260869565,25.1982608695652,79.9273913043478,18.9133875
-0.617846447474579,3,279.558333333333,24.4316666666667,53.5091666666667,18.1965569444444
-0.735162428494443,6,226.040833333333,14.8225416666667,45.6341666666667,21.6739166666667
0.175935531861134,6,311.546666666667,24.5892916666667,50.2833333333333,17.4152833333333
1.46756263550756,1.5,387.727083333333,21.3826666666667,49.7970833333333,21.66469375
-0.602991896047896,4.5,293.395833333333,22.8705,46.8979166666667,19.4902152777778
-0.0457516583173716,1.5,204.320416666667,20.703875,73.2454166666667,23.3074
-0.526603385275652,1.5,280.945416666667,18.241375,56.1745833333333,22.4152166666667
-0.199886337074919,4.5,253.692173913043,18.654625,70.8675,18.2418270833333
-0.962339330892521,4,156.634166666667,19.7382083333333,79.265,17.2524256944444
1.44428788743464,1.5,317.417272727273,25.4997083333333,64.9554166666667,21.5900243055556
0.646361909027804,1.5,241.635652173913,20.4859583333333,74.9725,31.6289791666667
0.793114342150891,0.5,98.935,22.9825,87.15,18.7274
-0.797649168426251,2,244.08,22.093125,66.2720833333333,21.8766631944444
-0.880090582827621,1.5,264.683333333333,25.3042083333333,59.3508333333333,21.9211319444444
1.8626175794476,1.5,199.56625,26.8074166666667,44.78625,22.7287895833333
0.0265297724135275,5,179.226666666667,23.6808333333333,68.2058333333333,21.8428284722222
0.540239479475888,5,219.133333333333,26.1658333333333,54.8716666666667,21.7112763888889
0.120869614278448,2.5,116.322173913043,21.8,67.0917391304348,18.8236266666667
1.38367105315048,5,418.731666666667,13.4733333333333,55.7770833333333,17.2127423611111
1.20810602357972,4,208.90375,19.6175,75.63875,10.5820951388889
0.0567974187268181,3,264.342083333333,22.8658333333333,79.8070833333333,23.4933875
-0.0379249982268337,1.5,248.575416666667,22.6824166666667,76.29375,23.0085465277778
-1.28253603606012,6.5,366.057916666667,26.152,59.28875,20.7074854166667
1.66806638916752,6,438.498,24.6874,50.0705,22.4538611111111
1.00971561093556,0.5,497.8075,27.4704583333333,51.5129166666667,21.0598368055556
-0.149632662450983,1.5,469.2125,27.5001666666667,61.9920833333333,15.4785604166667
-0.216972354184745,3,469.400833333333,27.904,60.3654166666667,13.7822243055556
-0.135009983795552,4,499.929166666667,29.7059583333333,59.455,12.2216243055556
-0.465398790028903,4.5,479.376666666667,31.3065416666667,59.74625,11.4900993055556
-0.669646982910042,0.5,299.656666666667,29.061375,48.175,8.51301319444445
-0.852059420014179,1.5,457.752727272727,32.7803181818182,40.9931818181818,7.99061388888889
-0.731385634520542,1,464.157916666667,33.5585,44.00125,8.24645555555556
-1.17084911584757,0.5,274.2875,26.0350416666667,67.13875,12.3036020833333
-0.819733793078676,1.5,421.872083333333,28.745875,47.7966666666667,10.0843951388889
-0.361782873308577,2,453.245416666667,28.7817916666667,48.0004166666667,9.24154444444445
-0.639366226610329,0.5,459.155416666667,29.121375,47.3283333333333,8.45040277777778
-0.630385766250673,1.5,459.357916666667,29.152375,45.6533333333333,8.01681805555556
-0.586873681579533,1.5,429.0925,26.7502916666667,57.0454166666667,8.32908680555555
0.228537180815754,2,357.362916666667,29.495,55.8433333333333,11.931496969697
-0.694276215518872,6.5,285.672083333333,26.2300833333333,77.6670833333333,23.94499375
-0.183462635747597,3,354.86,25.6352083333333,68.31125,22.9148722222222
0.0765209365467297,6,364.56625,28.594875,67.1433333333333,11.3875680555556
1.78595644858641,2.5,422.496666666667,32.0465,58.8283333333333,10.4558381944444
1.82453839811201,2,426.817083333333,33.1002083333333,55.0708333333333,9.60177569444445
-0.0723988126598935,1.5,406.075833333333,34.5848333333333,51.5095833333333,9.62545486111111
1.0602370638377,7,337.939583333333,24.499875,54.9320833333333,9.85057543859649
1.64513337979679,3,388.74,32.21125,58.66,15.2699111111111
0.582216510940384,3.5,352.849166666667,26.533625,58.2204166666667,14.4812694444444
0.161393823718429,5,356.091666666667,29.171,57.70875,13.63496875
-0.569177109716541,3,368.3225,28.3690833333333,59.88375,13.8544451388889
-1.24936602455843,7.5,245.911578947368,28.2577368421053,65.7184210526316,10.1524123188406
0.896098577299528,0.5,251.97,24.21725,73.3170833333333,12.1186305555556
-0.00481459779764457,0.5,277.3575,28.27075,55.8683333333333,11.5340076388889
0.565012547039388,4,298.339583333333,28.641875,58.5645833333333,11.9349923611111
0.529213099601445,1.5,174.454166666667,20.204375,71.7520833333333,10.1732854166667
1.75406756479759,1.5,132.505,19.1585714285714,77.4107142857143,9.00300833333333
3.0572127328079,3.5,233.739166666667,22.3522916666667,46.225,9.03984791666667
0.24856584651676,6,141.15875,19.7864583333333,71.55125,8.45163819444444
-0.34180050715577,2,69.36875,16.4395833333333,76.3320833333333,13.4885979166667
-0.308326447668919,9.5,268.009166666667,20.3665,49.585,11.9574861111111
-0.503210736944082,10.5,489.255416666667,31.4919166666667,46.81375,20.4701298611111
0.0534299985820121,9.5,443.032083333333,31.52075,56.4570833333333,17.5386833333333
-0.0297108542920357,6,400.909166666667,30.2222083333333,51.5925,14.7663020833333
-0.495187709711413,4,380.921666666667,28.202875,45.7908333333333,11.4424229166667
0.371721282374412,2,412.540416666667,26.487375,66.6483333333333,20.2423520833333
-0.0693731603675176,1,511.535416666667,23.1432083333333,54.3333333333333,22.0785354166667
-0.501069928859875,2.5,360.695416666667,27.7062083333333,78.325,25.207025
0.598210541588226,0.5,311.32375,26.9633333333333,74.6695833333333,18.8636541666667
0.731277351472962,1.5,432.587916666667,26.7767083333333,70.9066666666667,17.5986513888889
1.26332583450261,1,284.61625,25.3739166666667,66.9883333333333,6.25283958333333
0.214651122781707,6.5,247.32,19.1096666666667,47.865,4.05869444444444
0.0054025292674816,4.5,232.223333333333,19.851875,50.02625,4.41832152777778
-0.528136804786713,2.5,187.670833333333,13.40725,52.7629166666667,5.16898958333333
-0.543595694071665,1,220.360416666667,14.0607916666667,56.2633333333333,6.66933541666667
-0.318240864016382,2,176.712083333333,13.0693333333333,53.8558333333333,6.07965069444444
-0.950227144589836,3.5,219.020833333333,21.974375,43.3208333333333,13.5116076388889
0.448797932156841,0.5,365.666666666667,25.033,66.1475,27.4670625
-0.498977085234828,3,298.465833333333,23.3559166666667,67.8191666666667,17.7581666666667
-0.705358854067715,0.5,213.8875,18.0590833333333,84.4145833333333,17.7731458333333
-0.0416719855207862,2,392.385,26.6005833333333,74.14,26.4543888888889
1.51526386747935,1,435.482083333333,30.2322083333333,56.32375,25.3152208333333
1.92814513269207,2.5,294.84125,26.4823333333333,63.8179166666667,29.0192527777778
-0.104531684854464,1.5,307.46625,11.746375,48.8020833333333,17.0382173611111
0.781569196264445,5,403.885833333333,12.681,57.7170833333333,19.4310444444444
0.6671716523632,5.5,181.414583333333,19.1634166666667,79.9929166666667,18.9665291666667
1.78277717316776,1.5,415.4925,20.16725,42.2458333333333,19.0841916666667
-0.16875547392967,3.5,216.842083333333,12.295625,62.2954166666667,19.8759166666667
1.8963130074323,4.5,375.092083333333,23.2025,76.78625,22.9624472222222
1.12990821920322,4,250.265416666667,22.1327083333333,84.8633333333333,23.3937215277778
-0.211340352279247,1,171.704583333333,14.439375,77.6595833333333,20.4857590277778
-0.362735405362835,3,268.997916666667,26.4423333333333,81.4318181818182,14.7251298611111
1.05121405555717,1.5,458.534166666667,25.7709583333333,47.1791666666667,14.10595625
-0.963746123620483,2.5,293.060833333333,25.08025,80.3559090909091,17.0341784722222
1.70380284481413,2.5,296.999583333333,23.7230416666667,78.0675,18.4887173611111
0.781400045623895,4.5,441.262608695652,26.291625,59.9829166666667,17.36675
-0.766408259337843,6.5,434.909130434783,25.7912083333333,59.9825,11.7705076388889
-1.09478253903022,3.5,304.593333333333,21.4997083333333,67.1144444444444,20.9287
0.540543029202406,7.5,450.5,24.0204166666667,57.5008333333333,19.0805486111111
-1.16356649751863,5,274.940833333333,25.4770416666667,76.2794444444445,22.5859569444444
0.462447581723791,5,391.739166666667,24.675125,63.6759090909091,21.1741951388889
0.782050528326338,5.5,391.8875,25.874125,63.6333333333333,21.4841462121212
1.23156094362416,2,368.642083333333,26.8364166666667,58.5291666666667,19.1983868055556
-1.097141086423,5.5,383.5375,27.5450833333333,63.2747368421053,14.9306173611111
0.597625039020892,2.5,428.2625,31.107875,60.6820833333333,14.0275736111111
2.14634243658826,1,386.167916666667,24.6907083333333,55.9179166666667,13.9177319444444
2.63485458777009,5,332.455,23.1609583333333,58.5925,13.7731659722222
0.76368302266807,2,373.5475,23.9287916666667,55.27,12.52719375
-0.205416949630738,5.5,388.856666666667,25.45525,60.8025,18.81774375
-0.205214712404915,4.5,354.57375,28.173,60.82875,14.2720770833333
-0.518715826374999,0.5,324.65,27.34325,72.0031818181818,13.7405881944444
-0.809449339786203,4,342.47625,29.4717916666667,68.2828571428571,13.3307576388889
0.0508797379062903,1,393.7425,32.3658333333333,48.1366666666667,19.4131576388889
-0.828309538453436,5,307.570833333333,28.334125,62.1604761904762,13.3222277777778
-0.653056865166366,1.5,308.120833333333,25.8645833333333,69.5031818181818,15.6046833333333
-0.24895183402328,3.5,283.467916666667,23.556625,74.462,15.9276090277778
0.679872307004381,4.5,299.455416666667,23.401125,54.3022222222222,23.7274652777778
0.659965703740639,0.5,344.414583333333,24.3064583333333,44.5591666666667,20.2886631944444
0.196559154203076,2.5,317.98875,27.0495,56.8863636363636,15.5232395833333
-0.215403166291676,6,308.542083333333,18.57475,43.8395833333333,11.8118270833333
-0.535534064909053,7.5,297.16,20.2395,51.7833333333333,11.6860694444444
-2.15625403887068,4,136.591666666667,20.1594583333333,84.069375,14.1903020833333
1.36093578101579,6.5,116.544583333333,19.6745416666667,72.037,12.2752395833333
2.32242330026507,2.5,275.27875,21.379125,46.6636363636364,12.9135506944444
0.3729311025851,1.5,125.084166666667,19.481625,67.295,15.0167430555556
0.982310156186727,1.5,238.9525,21.702625,51.645625,14.2402638888889
0.353534256148147,1,243.07375,18.2403333333333,53.1991666666667,22.1214965277778
-1.27529921195629,1.5,67.5779166666667,15.8452083333333,78.6419047619048,15.1568277777778
0.590035047286083,2,359.053333333333,27.0882916666667,71.6685714285714,16.9165277777778
0.907431650624573,7.5,459.28625,29.309,56.9595833333333,16.7306631944444
0.466918534355792,1,441.512916666667,31.3289166666667,44.3083333333333,15.7416215277778
1.16763109649129,1,433.030833333333,30.73925,60.055,24.8921909722222
0.362562369500979,0.5,444.685,31.331380952381,62.7619047619048,17.6498444444444
0.313423724092274,5,435.970833333333,24.927375,64.205,15.4015013888889
0.0814375508870726,1,481.939,27.0881,51.1268421052632,13.8271933333333
0.12762606359621,0.5,401.0275,24.66675,64.6620833333333,20.3266201388889
-0.354722052015926,3,408.011666666667,24.2718333333333,62.3079166666667,18.7486756944444
-0.597884550119816,1,379.635,27.0402083333333,46.1704166666667,13.8294145833333
1.59147574972884,1,359.159583333333,26.1163333333333,50.29375,11.1797055555556
0.177171507912429,0.5,325.63375,25.9573333333333,61.35,10.7395618055556
0.972471044385947,0.5,322.97,27.3875416666667,57.335,10.9855541666667
-0.04417555519691,5,309.66125,25.0048333333333,46.0275,17.3240798611111
1.22333508871642,2,250.747916666667,21.623125,49.3583333333333,9.531075
0.116399073036327,0.5,237.240416666667,16.608125,46.61,16.1144743055556
-0.138610131932089,0.5,188.1125,13.4358333333333,49.34375,13.2426840277778
-1.25054787878837,2.5,201.844166666667,10.34425,49.48,12.0077729166667
-0.656528455385629,1.5,273.152916666667,12.0664166666667,37.1445833333333,11.3614027777778
0.0368831712284377,9,330.268333333333,12.5964166666667,39.5754166666667,10.9927673611111
-0.100520498303983,1.5,315.559166666667,11.3435,54.6791666666667,11.0879479166667
-1.52094285853226,2,337.509166666667,21.2865833333333,42.1875,10.8816006944444
1.2100364451345,2.5,281.824166666667,22.6608333333333,51.84,16.3610277777778
-1.62063069820855,6.5,249.31875,16.5400833333333,55.74625,12.638375
-0.202397484460931,2,162.618333333333,11.1954166666667,54.7304166666667,10.5205972222222
-1.23538915839023,1.5,302.104166666667,9.56941666666667,31.6870833333333,8.87916666666667
3.90494907601194,1,329.22,25.7687916666667,44.0975,7.45267083333333
-1.03666984343085,2.5,256.394166666667,19.8676666666667,47.3225,7.19495277777778
0.916446288133938,2.5,177.59,14.5456666666667,45.1645833333333,9.91638253968254
0.629028872508208,1,107.952083333333,8.86325,50.0916666666667,5.45771458333333
-0.540040066564195,1,81.8433333333333,0.822583333333333,92.0304166666667,8.68834583333333
-0.28540580047839,9.5,295.744166666667,6.24683333333333,66.8366666666667,10.9225798611111
-0.217575939473229,5.5,341.3175,12.0627916666667,52.48625,9.06105
0.18469812820958,5.5,287.688333333333,12.9865416666667,40.7758333333333,9.00966666666667
0.631650744841751,1.5,269.50875,13.9555416666667,32.7008333333333,9.95746319444445
2.28177380860878,4,361.252083333333,11.2331666666667,41.35875,8.96151111111111
2.71825154365091,5,201.18375,12.2022916666667,68.5295833333333,9.14887152777778
-1.13551045266355,8,270.341666666667,14.9702916666667,50.42875,10.1352340277778
-1.22511171146649,5,308.431666666667,17.4424166666667,34.24625,9.49514236111111
-0.775559648506385,4,331.29875,21.6962916666667,32.4458333333333,8.94266666666667
-0.708790995788946,3,335.87625,21.762125,31.8666666666667,8.55587222222222
-0.722308138497562,1.5,264.879166666667,22.1735416666667,41.9895833333333,8.36198611111111
-0.0955196761276329,0.5,284.339583333333,20.0969583333333,49.3720833333333,8.73310416666667
0.169888315868492,2.5,398.5475,21.309625,35.2129166666667,7.89650902777778
0.155297952408015,1,400.356666666667,25.6487916666667,35.36375,8.0899375
0.734471451888833,6.5,415.006666666667,16.020375,39.28125,8.58311388888889
1.41074115431541,4,424.789583333333,18.2920416666667,43.8758333333333,8.09798958333333
1.21396760140066,9.5,379.079166666667,22.8280833333333,54.0879166666667,7.95761805555556
1.2632141931814,1,418.431666666667,28.1575833333333,35.0879166666667,9.29860416666667
0.921615973647632,5,239.39375,22.2103333333333,67.9491666666667,9.28959722222222
0.639806958786736,3.5,268.012857142857,22.4219047619048,64.29,8.86009782608696
1.13391503334044,7,284.13,20.61525,73.0441666666667,9.51239930555556
1.01362198745101,9.5,373.215416666667,22.2725416666667,65.6229166666667,8.76927083333333
0.641197309651445,0.5,427.547916666667,19.866125,45.3629166666667,9.25981597222222
0.719184204463991,2.5,441.45625,24.3978333333333,49.18125,8.94439236111111
1.20102172607818,3.5,436.1075,27.9390416666667,48.80375,8.75375694444444
1.39218063877242,2.5,434.611666666667,23.4199583333333,67.1858333333333,11.8623472222222
-0.63510744613887,8,325.158333333333,19.9310833333333,52.59625,12.1307083333333
0.674004161804926,1.5,250.232083333333,24.0665,47.5929166666667,11.6070104166667
1.02372875420594,8,342.674782608696,24.3813913043478,49.0682608695652,9.79554347826087
-1.67786185527399,0.5,297.22375,20.7832083333333,71.01375,10.2923784722222
-0.427782029435393,5,379.958333333333,23.70375,67.9454166666667,10.4291319444444
0.0358855771086597,4,438.47625,25.881125,44.5191666666667,8.79415625
0.706515760253073,0.5,396.752916666667,21.4445416666667,75.18625,12.4784166666667
1.42724411764464,2.5,392.465833333333,19.8991666666667,62.0095833333333,11.8146319444444
-0.43468981035588,3,349.697916666667,22.3208333333333,52.86875,11.18053125
-1.0611860009303,2.5,374.890833333333,24.3612916666667,48.11125,11.2643854166667
-0.275771700602838,7.5,427.834166666667,21.5583333333333,57.8095833333333,14.3547743055556
-2.60753980632398,6,153.288333333333,22.309125,81.4570833333333,13.3469409722222
0.910305981117521,0.5,408.268,27.51835,61.929,13.2701458333333
2.49312773536315,1,391.600833333333,27.07875,55.7095833333333,12.9240416666667
0.147887341003473,1.5,292.060434782609,24.3489130434783,62.4265217391304,13.1359275362319
0.348680058857436,8.5,419.827083333333,28.5149166666667,45.50875,10.8615104166667
0.820170615090771,1.5,413.059583333333,23.62475,52.7341666666667,10.0392430555556
-0.273287503993229,2.5,193.83875,22.671,74.9866666666667,11.4203958333333
-0.77931048442241,1,380.56875,25.656375,55.0625,11.4924826388889
-0.3462246414014,4.5,376.472916666667,21.665125,65.04375,11.6445590277778
1.02839251303608,8.5,397.821666666667,21.6955416666667,69.1354166666667,11.7516631944444
-0.681711588923306,0.5,265.616666666667,23.80375,72.5283333333333,12.1846180555556
0.838156892496916,3.5,414.585416666667,21.5816666666667,49.3083333333333,10.5428152173913
0.922341518467269,2.5,404.492083333333,24.857875,44.7941666666667,10.4169756944444
0.592356135464569,1.5,382.410833333333,20.4961666666667,57.3429166666667,10.4133090277778
0.20525946520584,6.5,276.359583333333,16.3728333333333,65.7529166666667,11.8241840277778
0.377579347830467,9.5,314.96375,19.68425,52.49,10.0076736111111
-0.565740084699237,8.5,343.797083333333,21.9755416666667,48.8445833333333,9.91522916666667
-0.361375022729335,6,332.892083333333,21.431625,55.2783333333333,10.0102395833333
-0.801442554602851,9,389.291666666667,24.0259166666667,45.3583333333333,8.90260069444444
0.634876814281168,1,389.205416666667,17.5840416666667,63.2620833333333,10.3333854166667
0.954893275235594,0.5,335.465416666667,22.2765416666667,61.1725,11.9465868055556
-0.0677053067245464,6.5,312.22625,30.5290416666667,38.5441666666667,9.06694444444445
-0.117444190786598,0.5,369.514166666667,26.0455,47.9120833333333,12.2740208333333
1.58536242370025,1,325.28375,22.8070833333333,54.14125,11.6965659722222
2.59855358382856,2.5,355.405,23.2782083333333,56.9720833333333,10.8912361111111
1.69744124389299,5.5,355.357916666667,26.4905833333333,41.61625,10.51040625
1.59522654014144,8.5,296.755833333333,27.9184166666667,39.72125,10.4290694444444
0.0956989559534289,4.5,313.788333333333,28.1394166666667,46.18875,10.8740729166667
-0.230694437757118,7,329.78125,28.9704166666667,52.34625,9.08917361111111
-0.958281917206128,3,339.8225,32.413125,32.4654166666667,10.1621875
-0.309044069953898,3,254.347083333333,18.1052916666667,56.6579166666667,9.18665972222222
-0.506035020181271,4,273.043684210526,22.23,48.8805263157895,8.30413257575758
-1.28058057951822,6,307.44,26.6551666666667,44.6233333333333,8.97763194444445
-1.00156356482999,5.5,163.157916666667,23.0565,61.04125,7.94864930555556
-0.378575254304182,0.5,247.5075,18.285375,63.6091666666667,13.6184965277778
-0.793532018024077,7.5,NA,13.8074166666667,77.6608333333333,13.22121875
0.133825305485722,7,290.230833333333,21.3161666666667,46.1283333333333,11.4270173611111
0.317966671450667,2,306.316666666667,21.3994166666667,64.0104166666667,11.9742986111111
0.454829837901633,1.5,257.469545454545,21.1408636363636,47.735,13.0808913043478
0.525508065995641,1.5,232.729583333333,22.3576666666667,61.05375,12.0935868055556
0.600100880251142,0.5,173.145416666667,16.23475,59.7545833333333,10.7195763888889
0.638144987815719,3.5,237.295833333333,20.8348333333333,67.6570833333333,9.91061458333333
0.502566004603065,2,220.494090909091,12.4975909090909,72.7813636363636,9.68310763888889
0.537898749660266,11,192.41875,12.998125,70.6683333333333,9.363375
0.133209962951833,4,198.710833333333,12.6094166666667,74.8241666666667,9.05126736111111
-2.13508172293459,1,67.4275,2.97445833333333,76.4733333333333,11.0828652777778
3.48194917282253,4,131.626666666667,9.6745,90.3508333333333,9.85033680555556
-0.234208908407947,0.5,71.7404166666667,0.527791666666667,78.0920833333333,12.3520375
0.868712809737465,1,144.575833333333,10.0624166666667,55.8895833333333,10.2020555555556
0.270080163315542,1,139.61625,15.2847083333333,46.9258333333333,9.805275
-0.0642201189440868,6.5,125.975416666667,5.71541666666667,51.7504166666667,9.03891805555556
0.322849840856318,7.5,114.400416666667,11.9833333333333,61.1233333333333,8.85726388888889
-0.667938101489284,1.5,59.3004166666667,10.1782083333333,64.0441666666667,8.18183333333333
-0.54971474225037,7.5,88.0904347826087,7.72204347826087,62.6673913043478,8.47660833333333
0.90530086545265,5.5,305.39,2.03116666666667,57.02125,8.14378623188406
0.966655505203511,2.5,180.903333333333,8.05020833333333,78.71375,4.911
-1.06575297011588,1,297.259583333333,14.6321666666667,36.5054166666667,4.15747916666667
-1.86886582575719,0.5,216.271666666667,13.217625,34.2466666666667,9.95280555555556
1.40139032849473,6.5,249.795416666667,6.07075,73.9876470588235,10.5288125
-0.874098277153218,5.5,NA,17.4947916666667,37.4045833333333,7.28797222222222
-1.28637834534972,1,NA,19.1257083333333,44.4233333333333,11.7112291666667
0.132069161686084,1,369.132380952381,13.5847916666667,34.1383333333333,9.56044444444444
0.858807301227157,0.5,182.49375,3.2935,84.5491666666667,6.15288194444444
0.598792919277016,9.5,387.495833333333,9.54758333333333,53.19625,7.62640972222222
0.268992949570675,3,366.739545454545,11.8189166666667,39.2633333333333,6.67708333333333
-0.120832508760354,0.5,211.76,6.71008333333333,44.99875,7.3613125
0.595910384211889,4.5,238.506666666667,6.83091666666667,54.7425,6.77008333333333
1.34417120334505,6,285.917083333333,6.99470833333333,62.55125,6.45527083333333
-0.271769555340884,0.5,309.607272727273,13.6076666666667,47.6520833333333,8.16235416666667
-0.507994946051542,5,412.18,19.242375,43.1575,9.53495833333333
0.643517509634558,2,371.057916666667,12.061375,46.9995833333333,9.91609782608696
-0.15245472977252,1,257.631,24.7694166666667,54.06625,15.535275
-0.510592545310351,4,414.374583333333,23.5016666666667,46.6545833333333,18.8380472222222
0.404641720467318,5,NA,18.0280416666667,46.70125,17.2982090277778
0.709850370017924,0.5,374.335333333333,24.6956666666667,47.3754166666667,15.2219416666667
0.239930806271555,6,364.09125,15.1685833333333,63.49,15.8718486111111
1.5468490116345,7.5,254.172222222222,17.9881666666667,60.3520833333333,15.0472631944444
0.657178757338189,3.5,390.142083333333,21.3062083333333,51.29375,14.4839666666667
1.33564458795915,2,408.435833333333,23.4554166666667,53.3858333333333,13.1792590277778
0.0439625050567856,6,192.382916666667,23.5926666666667,54.3691666666667,18.5272222222222
0.689698984838582,0.5,405.344782608696,23.1677083333333,54.8458333333333,17.1230586956522
-0.58916364042501,1,388.816666666667,24.8635416666667,64.4554166666667,15.8249916666667
-1.51575076981187,3,262.611666666667,21.5705416666667,75.18625,19.5061902777778
0.0967105682136016,4.5,349.977083333333,21.012375,63.8304166666667,19.7023194444444
-0.0615859206585417,3,260.108333333333,24.3405833333333,77.0929166666667,17.42096875
-1.45870055689351,1,254.441666666667,20.6725833333333,77.4995833333333,19.1016458333333
0.322931615508679,5,409.089166666667,25.4507083333333,62.2608333333333,18.6699444444444
-0.764483344871395,0.5,361.454583333333,25.0192083333333,58.0470833333333,16.7724034722222
0.267485612233187,3,410.808333333333,26.229125,66.67125,16.5717666666667
0.697158014270736,5,405.6075,26.97775,62.4720833333333,15.0733347222222
-0.133816887834211,1,393.900833333333,26.3896666666667,54.3791666666667,14.6551763888889
-0.476707075206718,1.5,373.212083333333,23.393625,51.7308333333333,22.64224375
-0.373309501314553,3,231.62625,18.635125,71.7204166666667,18.0096743055556
2.02738661382257,10,410.779583333333,21.6443333333333,62.1804166666667,19.2399194444444
2.49733195927354,3.5,353.346666666667,23.05175,61.6816666666667,18.1886548611111
0.770818966590951,1,386.545416666667,25.31575,46.6291666666667,15.8552270833333
0.033069875270281,1.5,389.601363636364,26.1869583333333,45.2975,13.4214048611111
0.818815742934507,4.5,386.612916666667,20.800875,59.6791666666667,11.9991423611111
-0.302679321005179,1.5,289.077826086957,22.3085416666667,78.2333333333333,11.7935930555556
1.38126581273003,7,195.455416666667,22.6615416666667,86.1566666666667,11.9378430555556
2.10353073061063,2,345.684583333333,25.0300416666667,70.9433333333333,11.8467701388889
1.03242039291368,6,317.221666666667,22.8580416666667,71.085,11.5859104166667
0.0491262361355854,6,294.019166666667,17.9115,68.7441666666667,14.5626305555556
1.14263131553743,5.5,343.482272727273,20.2265,53.0818181818182,13.7478909722222
0.209157955751958,8.5,244.254782608696,21.565625,75.4618181818182,13.2504548611111
-0.732941405445752,1.5,100.774444444444,20.5074782608696,74.4847826086957,20.7743608695652
-2.10911573675741,1.5,131.896363636364,15.431125,79.8654166666667,19.1016020833333
0.817956222560457,9,364.051666666667,19.8517916666667,58.4495833333333,18.6578972222222
-1.80267263697714,0.5,156.450833333333,17.3609583333333,83.4745833333333,20.3484090277778
0.15244468479656,1.5,352.231666666667,23.88225,49.52125,19.83858125
-1.95164913587533,2.5,108.6325,15.4777083333333,84.0533333333333,19.0499347222222
0.938581725376054,1,349.961666666667,17.5645833333333,56.0866666666667,17.6565479166667
0.99215568827114,1.5,343.903333333333,24.122625,58.7475,16.1603416666667
0.0794081218259568,1.5,303.340666666667,20.6556666666667,47.1873333333333,15.1092246376812
0.424137412067954,2,312.346666666667,20.5997083333333,65.9554166666667,13.3430916666667
0.0539735299181472,1.5,299.227391304348,19.2009545454545,58.4527272727273,16.0363194444444
0.708150429469455,9,204.885416666667,17.109375,62.8466666666667,12.2357069444444
-0.828514535939117,4,131.33875,15.2951666666667,83.0975,11.7038625
1.07564787862133,0.5,234.850833333333,19.599625,75.7191666666667,12.2451111111111
0.489767767526863,3,233.862727272727,16.3446363636364,67.2840909090909,14.46251875
0.694454409797232,10.5,294.128333333333,20.5249166666667,61.0033333333333,13.00596875
0.493315424218862,5.5,300.66375,22.6650833333333,58.4404166666667,12.1638819444444
0.733073945955291,10,271.665416666667,19.8151666666667,62.1708333333333,12.2394583333333
0.581526129311961,8,287.210416666667,17.003125,73.29875,21.2717020833333
1.11147941749686,0.5,252.389583333333,22.0911666666667,45.8616666666667,17.6015722222222
0.793715962017994,6,275.077083333333,23.612375,60.5258333333333,19.4398048611111
1.34347585731244,8,226.327619047619,24.6184285714286,67.8790476190476,19.0534006944444
0.952968979938208,7.5,183.540833333333,23.6822916666667,75.2645833333333,18.6565763888889
0.557051453672904,10,259.845416666667,20.8595416666667,66.0029166666667,18.5167673611111
0.563803244359913,2.5,151.414166666667,23.5845416666667,76.4,18.3727854166667
-0.331636312459401,2,129.931666666667,16.4324166666667,83.2304166666667,19.2165138888889
0.72413278782051,5,239.710416666667,16.212875,56.0504166666667,16.2943958333333
-0.317595029111837,7.5,133.048333333333,9.54604166666667,70.24375,18.9090173611111
-0.266627073525784,11,91.385,3.693625,70.9729166666667,20.7155083333333
-0.586216667903114,0.5,13.5435714285714,3.35435714285714,84.8157142857143,20.5782785714286
-0.0286886450445102,4,116.1875,5.23658333333333,76.4570833333333,19.1386743055556
0.513661645810286,6,130.351666666667,10.11125,67.0979166666667,18.7087798611111
0.469776085853008,3.5,122.084166666667,11.0405,61.02375,19.2710027777778
-0.35467290228528,1,64.30125,3.25333333333333,72.7633333333333,18.4661111111111
-1.18172542470439,2,77.4316666666667,-1.10841666666667,89.9008333333333,20.6603993055556
0.308715111692784,8,225.625416666667,2.824625,74.7533333333333,14.4982576388889
-0.533959680663404,6,255.3725,8.69079166666667,70.1779166666667,15.8283333333333
-0.485006036591762,4,263.343333333333,10.2285833333333,49.93625,19.5467055555556
1.6711253381652,6,337.92,5.87258333333333,40.4066666666667,17.9761388888889
0.582963303041975,0.5,179.589166666667,13.985375,28.19375,9.41984722222222
-1.37535883407821,3,301.748333333333,8.30545833333333,48.0579166666667,8.99678472222222
-1.20437136831147,7,333.69625,7.72095833333333,48.9545833333333,8.53752777777778
-0.379530446926107,3,330.490416666667,6.111875,37.9591666666667,9.05079861111111
0.722830090175104,1.5,218.028333333333,-0.0362083333333334,64.14875,8.11327083333333
0.0240754572677382,3.5,235.4325,16.5442916666667,41.5033333333333,12.2406402777778
1.6956023936235,2,325.0925,13.95875,39.3979166666667,11.3677944444444
-0.0452595795772411,2.5,320.0875,16.737,43.0758333333333,11.6646006944444
-0.0346182573816844,8,322.114583333333,17.4827916666667,43.0641666666667,11.5627847222222
-0.0410085109848525,2,309.11625,20.5904583333333,32.0283333333333,11.2670902777778
-0.0421636261015185,0.5,374.324583333333,21.1379583333333,40.9966666666667,11.2868715277778
-0.12479353390631,2,353.459583333333,20.7874166666667,55.9572727272727,11.1254513888889
1.93736046866347,4.5,420.359583333333,10.9277083333333,64.64375,14.2784305555556
1.94193854810687,3.5,370.949130434783,18.663,36.82,14.2328090277778
2.18580490284754,6,426.627916666667,19.147625,33.8875,13.8015333333333
-1.49396101650368,0.5,396.386666666667,33.5796666666667,26.44625,11.7911319444444
1.57083505332968,6.5,411.511666666667,27.7522916666667,63.1121739130435,17.6651347222222
0.160835581475017,3.5,389.844166666667,23.8275833333333,37.66625,11.9008731884058
-0.110264643126642,4,418.625416666667,20.1044166666667,57.006,11.6192090277778
-0.811133831035683,7,400.409583333333,24.2547916666667,44.8091666666667,11.3319604166667
0.668974715871564,0.5,332.059583333333,22.9239583333333,66.4725,17.6443284722222
-0.746439961400953,3,377.724583333333,25.907375,45.6629166666667,15.2361097222222
1.14077771811439,1.5,386.28875,27.0817083333333,60.8583333333333,13.6391951388889
-0.755654181255535,4,388.448333333333,29.106625,59.2058333333333,13.1050770833333
-0.0133358313413236,1.5,334.865,30.5745416666667,48.1870833333333,12.8853076388889
0.385686921942744,0.5,294.350416666667,22.6964583333333,61.8575,10.1859520833333
0.607400597107774,7,196.284166666667,23.0811666666667,58.2954166666667,9.66935
2.92167504062206,6.5,302.8575,21.843,65.5083333333333,15.9318229166667
-0.457629450277608,1.5,292.653333333333,19.2620416666667,53.24125,12.5345729166667
0.0485761764754308,6,295.793333333333,21.8450416666667,44.1795833333333,11.94153125
1.14842628272918,6,274.965416666667,21.0929583333333,52.5591666666667,9.28495625
0.447348546762476,3.5,161.239583333333,25.0285,44.0233333333333,10.0124263888889
1.23462075150034,1,151.443333333333,16.345375,68.5854166666667,6.78440625
1.1538714413649,11,194.67,18.5824166666667,49.2170833333333,6.4631375
1.15497836592912,9.5,191.62625,20.537,39.6758333333333,6.53625277777778
0.692207919881509,1,189.452083333333,21.9221666666667,32.3583333333333,6.11724722222222
0.545938068399586,2.5,180.472083333333,24.0065,35.7375,6.08674791666667
0.639963667691699,2,110.077083333333,18.2425833333333,63.5654166666667,6.65781805555556
1.14379108908806,3,103.51375,14.3402916666667,71.56875,6.15157916666667
0.949109375956722,4.5,156.070833333333,15.613,50.9358333333333,12.1079902777778
1.55142900845087,5,120.660416666667,15.4844166666667,54.5025,11.1141909722222
0.0526979828209128,5,134.82125,2.24766666666667,70.5441666666667,9.74811041666667
-0.594431334259772,2,154.55875,6.62175,46.0729166666667,10.5494555555556
-0.0903796590380845,0.5,306.135833333333,4.64233333333333,40.3379166666667,11.5274409722222
0.536865417843515,1.5,196.02,6.91483333333333,45.6666666666667,11.2200694444444
0.183659076421143,0.5,269.495833333333,5.16125,49.3395833333333,12.0077659722222
-1.03270499826012,2,101.755,-2.59616666666667,62.1170833333333,10.0137291666667
-1.57948626793567,9.5,376.383333333333,6.97041666666667,63.0125,13.2176604166667
-1.27565774118427,3.5,314.8425,5.35620833333333,64.6120833333333,12.5311833333333
-1.00814472960073,3,297.799583333333,10.7358333333333,59.685,12.38551875
-0.987526707788616,6,388.07625,13.342,56.545,12.23815625
-0.782046669630147,4,301.34875,16.2643333333333,64.05125,12.3288729166667
-0.710566056059301,6.5,270.695833333333,18.3494166666667,65.0670833333333,12.1995395833333
0.42859915119573,6.5,289.352083333333,18.1655833333333,39.7504166666667,13.6501145833333
0.559730572703239,7,409.980833333333,17.1535416666667,47.3041666666667,12.50098125
1.40580432469673,2.5,326.43125,13.6553333333333,61.1275,12.8743916666667
1.51422424408271,3.5,394.157083333333,17.213875,43.7095833333333,13.12659375
0.162261748828095,3,358.27,18.496375,38.6420833333333,9.27010694444444
-1.30997322462523,5,161.23375,17.0932916666667,60.5066666666667,8.47158333333333
1.45733010021855,1,276.123333333333,19.8789583333333,55.875,8.62712638888889
2.56020293998718,6.5,313.6425,22.5032083333333,54.12125,8.36417083333333
-0.0158627797249512,3,296.405833333333,23.4009166666667,55.5066666666667,8.37699722222222
0.604411309248738,8,448.905,23.3415,56.8270833333333,10.1204909722222
0.318962624998759,5,446.055833333333,28.3690833333333,44.75625,13.5343770833333
-1.30117508080658,8.5,264.35125,24.9204583333333,65.1766666666667,12.1019833333333
0.514180350503445,2.5,386.37,23.7765,40.7595833333333,9.96669583333333
-0.566110520842916,1.5,437.717916666667,21.2809583333333,51.9245833333333,9.72193194444444
0.293300159476684,1.5,402.29875,21.2149583333333,52.63375,9.40833263888889
0.201190146021413,1.5,395.814583333333,23.3056666666667,56.87875,7.88136805555556
0.731376613706696,9,337.353333333333,23.83675,72.5670833333333,15.8156405797101
0.444395250438237,9.5,441.076666666667,23.8197083333333,57.7116666666667,13.8496458333333
0.652812366621026,7,431.005,26.312625,72.6890909090909,13.0735729166667
1.2395658417252,3,434.40875,31.1304166666667,53.335,12.6438340277778
0.398739201830402,1,308.100869565217,28.6355652173913,66.5191304347826,13.4291541666667
0.888786797695796,3.5,365.642083333333,20.2546666666667,61.5275,10.7693715277778
0.357947004304926,9,101.255,17.52275,80.145,8.56705
0.490395906367205,6.5,417.027916666667,19.769875,58.7145833333333,9.40658263888889
1.60175306868189,1.5,339.88625,22.4155833333333,65.30375,9.40941041666667
-0.486323472321618,5,356.217083333333,20.3618333333333,51.83,8.8236625
0.358161422863022,7.5,392.447083333333,19.0735263157895,57.2989473684211,8.43649513888889
0.187545811539364,9.5,400.022083333333,23.1625,47.1858333333333,8.20082291666667
1.03261655279647,2.5,409.533333333333,26.3215833333333,58.6404166666667,8.81839652777778
3.08790774494699,10,371.584444444444,24.6343888888889,63.4055555555556,8.10772152777778
0.477975652506622,7,141.762083333333,25.4436666666667,62.2554166666667,7.96359861111111
2.33869320498284,1,385.260416666667,20.8935416666667,60.0608333333333,9.62694375
-0.126804579488635,8.5,391.332083333333,24.29825,53.5333333333333,9.47561944444444
-0.314614850680893,0.5,386.679583333333,25.4404166666667,56.415,9.00474097222222
0.0593124129445625,1.5,372.162083333333,22.7255416666667,50.3979166666667,9.25621527777778
0.362255206895768,3.5,236.649166666667,21.7511304347826,80.1279166666667,8.722325
1.25260324532273,4.5,311.939166666667,25.4855,64.5745833333333,8.76306319444445
0.713869052963069,6,232.36125,27.5735,50.185,9.12800277777778
-0.806887090254496,2,354.67,23.2403333333333,55.52125,9.64087847222222
-0.725855341788031,1.5,254.613333333333,19.7524583333333,71.7941666666667,8.9135625
0.201340877752222,7.5,323.445416666667,22.7935833333333,62.7129166666667,8.96843055555556
-0.856350626126414,1,352.072083333333,25.8465,50.2375,9.61780902777778
-0.0672054289675839,2,324.23,19.9053333333333,62.02875,16.6607881944444
1.72867287394921,2.5,319.750416666667,28.48725,42.1891666666667,11.2672916666667
1.32778113006595,10.5,318.8975,20.7205833333333,44.1858333333333,9.51097916666667
0.824576101076319,0.5,270.394583333333,25.5942916666667,41.8308333333333,10.0168368055556
0.492856206078644,3,231.181904761905,22.9185238095238,48.1990476190476,10.4887534722222
0.384620442774474,1.5,279.52875,20.4360416666667,30.7829166666667,7.73719444444444
-0.976546005121045,11,255.285833333333,20.7380833333333,55.6525,10.7161041666667
0.0551111928588407,0.5,258.545,16.9725833333333,52.4979166666667,11.5252222222222
-0.92070363918575,2,105.70125,16.9315416666667,34.2066666666667,6.15523611111111
-0.580993075136346,0.5,60.33375,10.4509166666667,52.7,7.19771527777778
-1.2054078061131,0.5,127.552083333333,4.54445833333333,68.5758333333333,7.05763888888889
-0.777785888224634,10.5,126.84125,6.31870833333333,62.1795833333333,6.61968055555556
-0.3820606235271,2.5,93.1608333333333,10.3745,43.7370833333333,6.12570833333333
-0.251666222505845,3.5,216.558333333333,15.9150833333333,58.8804166666667,8.17126736111111
-0.122729258544362,4.5,193.009583333333,8.942125,69.5545833333333,12.34044375
-0.231440505730394,3.5,389.500833333333,23.50625,43.1129166666667,8.43581666666667
5.19654073912045,1,195.15125,15.4289166666667,75.1295833333333,7.35812708333333
-0.257959495645642,0.5,240.415,21.879875,41.6791666666667,7.14709166666667
0.822298914806738,1,323.24625,16.0572083333333,64.5704166666667,12.2278166666667
-0.302136410297807,0.5,92.174,18.3407,61.5335,7.89083611111111
-0.683411252577497,5,43.5970833333333,18.1373333333333,87.3372222222222,8.58586527777778
1.35801758931683,4.5,209.292083333333,11.237375,61.8095833333333,7.96408194444444
1.40516470831713,1,121.028333333333,9.592,65.05375,5.95951180555556
1.87165776551397,6.5,362.725416666667,9.53766666666667,45.3004166666667,8.79298472222222
0.687035431166494,0.5,393.84125,16.8972083333333,31.7441666666667,10.0102951388889
1.07483610093823,3.5,382.489166666667,18.3627083333333,45.4595833333333,9.69684027777778
-1.13925341261916,1.5,297.253333333333,-0.401833333333333,54.6820833333333,5.63680555555556
-0.244761444958716,6.5,300.126666666667,12.586625,61.6266666666667,8.05676736111111
0.155501226928959,0.5,407.969583333333,12.0998333333333,39.78875,10.3563993055556
1.49779693832888,10,384.91625,16.2727916666667,43.3166666666667,11.7130277777778
0.418976593443933,1.5,373.409166666667,16.2352083333333,44.5329166666667,9.41730555555556
1.54219314251724,9.5,224.890416666667,13.0071666666667,53.55,19.2548611111111
0.433418518545832,6,395.075416666667,19.669,50.05625,11.8362611111111
-0.539070441165428,6.5,220.635833333333,17.963625,55.9583333333333,12.1212013888889
-1.22372742189149,1,391.870416666667,24.6668333333333,48.3825,11.0481402777778
-0.408749531186527,1.5,410.97,23.8055416666667,52.8025,15.2285027777778
0.267476370607798,0.5,187.743333333333,-2.30220833333333,73.81375,16.8358854166667
0.803450764409298,0.5,419.099583333333,19.9215416666667,46.6266666666667,23.8840375
0.587189352147617,7.5,404.899166666667,10.7337083333333,39.81125,18.183175
0.4989929462769,1,361.920416666667,21.9695,42.9504166666667,12.1175625
-0.522846308174435,5.5,344.526666666667,23.008125,42.87625,15.6836942028986
0.715954789053924,4.5,322.007916666667,20.1722916666667,70.005,23.7970583333333
0.956183175816015,5.5,246.539166666667,19.8895,72.7554166666667,21.1580666666667
0.41186881883993,7,221.715555555556,18.7678888888889,72.4461111111111,19.6927069444444
0.708483540695458,4.5,389.446956521739,23.1888260869565,44.5465217391304,18.7069782608696
1.22014655418243,2,393.189583333333,26.475125,43.6008333333333,16.4453770833333
0.80772102813017,6.5,360.218947368421,27.6986842105263,40.7557894736842,14.9486903508772
1.14051817165999,4,386.4225,28.4815416666667,39.3520833333333,13.34445625
1.02794035026255,1,326.574166666667,27.239875,46.42875,14.1154215277778
0.697361700307876,2.5,326.174166666667,16.836,63.42125,15.6133729166667
1.75346939429663,0.5,330.148333333333,20.9308333333333,67.3420833333333,13.6692729166667
1.21026473750214,7,341.575833333333,24.48575,51.1416666666667,13.167825
1.16392744389988,0.5,351.077083333333,26.5401666666667,41.9445833333333,12.4634472222222
0.626838751151101,1,279.50625,25.4305,46.8470833333333,13.3197118055556
-0.480599818165757,1.5,181.248333333333,23.4549583333333,61.1458333333333,11.9864097222222
-0.399921299454272,4,349.997083333333,24.9222083333333,61.735,11.8011201388889
-0.663519746669991,3,335.512916666667,27.138625,62.6825,12.1377361111111
-0.545264093266907,0.5,237.038333333333,26.4285833333333,57.955,13.4774326388889
-0.52705337931796,2.5,317.612916666667,28.3187083333333,60.5283333333333,12.9440902777778
-0.72019778332555,5,316.062916666667,27.0459583333333,29.98875,12.9811944444444
-1.31247022690117,6,289.292916666667,28.393125,54.6775,12.8134057971014
-1.01359304145872,1,238.33375,25.5574583333333,58.7570833333333,14.8048333333333
-0.81704062870797,5.5,207.440416666667,26.4755416666667,68.9283333333333,13.6199826388889
-1.61372239712624,0.5,268.944166666667,23.3709166666667,48.6608333333333,16.4161076388889
-0.158789034157432,10.5,231.807083333333,21.4925833333333,65.2558333333333,12.3442534722222
0.0472927819601537,6.5,296.03875,26.6095,56.7279166666667,12.1484270833333
-1.44564166488274,2,183.53125,19.130375,68.8075,19.7504340277778
-0.819003129513442,8,232.934166666667,17.141875,61.6575,21.0155597222222
0.414996044696054,6.5,169.184583333333,21.7137083333333,62.268,21.5650659722222
1.60144710364426,5.5,171.242916666667,22.010125,55.3604166666667,20.6893104166667
3.26191297596754,5,281.577916666667,22.05225,58.4675,18.7239597222222
-0.28775007347296,4.5,280.836666666667,20.59475,46.4208333333333,20.8011534722222
0.114144182522969,1,246.76,20.641347826087,49.4982608695652,11.4854777777778
0.391644388154122,2.5,223.794166666667,17.058625,52.6254166666667,8.76692013888889
1.01889262191937,2,153.658333333333,23.3463333333333,40.35625,10.4048159722222
0.38534759459464,2,196.994583333333,21.031625,51.14875,9.48162986111111
0.986782384456628,1.5,171.613333333333,22.097,58.2504166666667,9.32244513888889
1.35625967628053,0.5,180.07625,18.165,53.8520833333333,11.1235375
1.43030513000775,0.5,173.3025,18.82325,48.5166666666667,10.1482902777778
1.09128251367884,1.5,171.460416666667,22.56675,42.8675,9.47558611111111
0.872310538560918,3.5,118.633333333333,15.6577916666667,86.5891666666667,11.5721909722222
0.551376023021718,6,129.130833333333,16.4065,53.1225,10.63553125
-0.945504783769958,0.5,27.785,5.736,88.3270833333333,11.2678993055556
-0.444478251277923,6,112.018333333333,3.26504166666667,75.9,8.64471666666667
0.867086570773095,0.5,264.625833333333,2.63170833333333,57.6316666666667,5.79209027777778
0.749060504227255,1,245.420416666667,3.65575,76.0178260869565,6.4879375
-0.867640307690468,2,93.10375,-1.37383333333333,72.9966666666667,-0.146208333333333
0.739835285143866,1,253.379583333333,-1.06804166666667,74.7820833333333,1.68195833333333
-0.865545578988646,4.5,47.7866666666667,4.03020833333333,98.06,13.0806666666667
-1.33789246915067,2.5,167.109583333333,2.050625,84.0679166666667,7.96688333333333
-0.946707088162669,0.5,153.842916666667,11.1372083333333,92.2858333333333,10.3118979166667
1.55878054475524,1.5,334.762083333333,20.3506666666667,54.9054166666667,10.2653923611111
1.97850004012031,0.5,388.497083333333,20.9500833333333,65.7454166666667,9.33680694444444
-0.792059558173481,6,393.953333333333,16.9652916666667,40.5783333333333,11.0798993055556
0.960762050551168,5.5,262.505,21.8936666666667,56.5741666666667,8.05301875
0.213812912839335,2.5,376.5325,19.8623333333333,78.6429166666667,11.0887881944444
0.844384537872284,5.5,432.93375,22.2169166666667,57.7325,12.3010180555556
0.804758801242343,1.5,324.095714285714,21.9132142857143,59.0692857142857,14.2336173611111
0.34275792782977,1.5,342.212,25.5528095238095,73.022380952381,11.054785
0.633069264998279,0.5,365.479166666667,18.2675,69.011,8.81602083333333
-0.154225702872462,2.5,345.70875,18.6074583333333,64.0020833333333,8.35089236111111
-0.301435024171636,7.5,315.81125,22.2475,65.4155555555556,8.14244583333333
-1.38848880453835,0.5,369.045416666667,22.749375,46.2304166666667,8.68966944444444
-1.36977246986852,2.5,235.8375,20.1889166666667,78.5245833333333,9.2376875
2.38532183289114,7.5,308.8775,23.3620416666667,63.61,7.46710347222222
0.266344580229792,3,273.69,22.8735625,56.50875,6.67154722222222
-0.552998212884866,5,330.14875,21.7809583333333,49.1508333333333,7.22950138888889
0.97377171478621,4.5,255.707083333333,17.9895,72.74375,8.05985208333333
-0.376962542826963,2,276.65,19.3545,60.0504166666667,7.51198263888889
-0.328069522635838,4.5,307.265416666667,18.8785416666667,55.3745833333333,7.00142569444444
0.375293675629911,0.5,141.645,17.4920952380952,64.70375,6.27031388888889
1.03416469776105,5.5,274.23625,19.92,48.8958333333333,6.35887152777778
1.19780793641924,1,261.00125,21.151375,50.52,7.88966597222222
1.81889128512152,4.5,233.9675,23.211,50.9854166666667,6.91434513888889
0.835322390878633,3.5,246.20625,23.8535,59.7883333333333,6.44259444444444
1.16601804784971,1.5,158.328333333333,15.5165833333333,69.1677272727273,8.89380347222222
1.60526425614459,1.5,143.68,18.323347826087,62.2908333333333,8.51508680555555
0.864715733096725,9,166.0875,4.87079166666667,55.6154166666667,5.38309236111111
0.842221882731529,10.5,133.828181818182,14.7319090909091,55.7263636363636,5.16659722222222
-0.709563347595292,0.5,103.973333333333,5.70758333333333,68.4747619047619,7.81201666666667
